,,,,,,,,,,,Markdown Transform
,,,,,,,,,,,## OMH Heart Rate Body Temperature DataPoint to FHIR Observation Detailed Mapping
,,,,,,,,,,,
OMH Heart Rate,,,,,,HL7 FHIR R4 Observation,,,,Comments,The following Table provides the detailed mapping for the OMH Heart Rate DataPoint to the OMH to FHIR Observation Profile TODO: add link to profile:
Index,OMH Heart Rate Element,JSON Data Type,Cardinality,Description,,FHIR Attribute,Data Type,Cardinality,Mapping Table/Fixed Values,Mapping Instructions,|Index|OMH Heart Rate Element|FHIR Attribute|Mapping Instructions|
---,---,,,,,---,,,,---,|---|---|---|---|
1,heart-rate-1.1.json,"JSON schema object (""http://json-schema.org/draft-04/schema#)",,This schema represents a person's heart rate.,,OMH to FHIR Observation Profile,Profile,,,,|1|heart-rate-1.1.json|OMH to FHIR Observation Profile||
2.1,body.heart_rate,unit-value-1.0.json,1..1,heart rate,,Observation.valueQuantity,Quantity,1..1,,see valueQuantity elements below,|2.1|body.heart_rate|Observation.valueQuantity|see valueQuantity elements below|
2.2,body.heart_rate.value,number,1..1,heart rate value,,Observation.valueQuantity.value,decimal,0..1,,=  body.heart_rate.value,|2.2|body.heart_rate.value|Observation.valueQuantity.value|=  body.heart_rate.value|
2.3,body.heart_rate.unit,string,1..1,heart rate unit,,Observation.valueQuantity.unit,string,0..1,'beats/min',=  'beats/min',|2.3|body.heart_rate.unit|Observation.valueQuantity.unit|=  'beats/min'|
2.4,body.heart_rate.unit,,,,,Observation.valueQuantity.system,uri,0..1,"""http://unitsofmeasure.org""","fixed to '""http://unitsofmeasure.org""'","|2.4|body.heart_rate.unit|Observation.valueQuantity.system|fixed to '""http://unitsofmeasure.org""'|"
2.5,body.heart_rate.unit,,,,,Observation.valueQuantity.code,string,0..1,'/min',=  '/min',|2.5|body.heart_rate.unit|Observation.valueQuantity.code|=  '/min'|
3,body.effective_time_frame,time-frame,1..1,when the measurement was taken,,Observation.effective[x],varies,0..1,,Mapping depends on type - see below,|3|body.effective_time_frame|Observation.effective[x]|Mapping depends on type - see below|
5,body.effective_time_frame.date_time,date-time,0..1,represents a point in time (ISO8601),,Observation.effectiveDateTime,string,0..1,,=  body.effective_time_frame.date_time,|5|body.effective_time_frame.date_time|Observation.effectiveDateTime|=  body.effective_time_frame.date_time|
4,body.effective_time_frame.time_interval,time-interval,0..1,"This schema describes an interval of time. In the absence of a precise start and/or end time, the time interval can be described as a date + a part of the day (morning, afternoon, evening, night). No commitments are made as to whether the start or end time point itself is included in the interval (i.e., whether the defined interval includes the boundary point(s) or not).
",,Observation.effectivePeriod,Period,0..1,,see effectivePeriod elements below,|4|body.effective_time_frame.time_interval|Observation.effectivePeriod|see effectivePeriod elements below|
6,body.effective_time_frame.time_interval.start_date_time,date-time,0..1,represents a point in time (ISO8601),,Observation.effectivePeriod.start,dateTime,0..1,,=  body.effective_time_frame.time_interval.start_date_time,|6|body.effective_time_frame.time_interval.start_date_time|Observation.effectivePeriod.start|=  body.effective_time_frame.time_interval.start_date_time|
7,body.effective_time_frame.time_interval.end_date_time,date-time,0..1,represents a point in time (ISO8601),,Observation.effectivePeriod.end,dateTime,0..1,,=  body.effective_time_frame.time_interval.end_date_time,|7|body.effective_time_frame.time_interval.end_date_time|Observation.effectivePeriod.end|=  body.effective_time_frame.time_interval.end_date_time|
9,body.descriptive_statistic,descriptive-statistic,0..1,"The descriptive statistic of a set of measurements. A measurement value can be the result of combining various measurements and calculating descriptive statistics like average, maximum, minimum, etc. Additional descriptive statistics will be added as the need arises. A measurement value without a descriptive statistic is interpreted as being the result of an individual measurement.
",,Observation.code.coding[1],Coding,0..1,,Map  descriptive statistic to the OMH to FHIR additional Observation codings ( code system http://www.fhir.org/guides/mfhir/omh_fhir_observation_codes).,|9|body.descriptive_statistic|Observation.code.coding[1]|Map  descriptive statistic to the OMH to FHIR additional Observation codings ( code system http://www.fhir.org/guides/mfhir/omh_fhir_observation_codes).|
9.1,body.descriptive_statistic,,,,,Observation.code.coding[1].code,code,1..1,,concatenation of  header.schema_id.name = 'heart-rate'  + '-' + body.descriptive_statistic  for example= heart-rate-maximum,|9.1|body.descriptive_statistic|Observation.code.coding[1].code|concatenation of  header.schema_id.name = 'heart-rate'  + '-' + body.descriptive_statistic  for example= heart-rate-maximum|
9.2,body.descriptive_statistic,,,,,Observation.code.coding[1].system,uri,1..1,"""http://www.fhir.org/guides/mfhir/omh_fhir_observation_codes""","fixed to '""http://www.fhir.org/guides/mfhir/omh_fhir_observation_codes""'","|9.2|body.descriptive_statistic|Observation.code.coding[1].system|fixed to '""http://www.fhir.org/guides/mfhir/omh_fhir_observation_codes""'|"
9.3,body.descriptive_statistic,,,,,Observation.code.coding[1].display,string,1..1,,concatenation of  header.schema_id.name = 'heart-rate'  + '-' + body.descriptive_statistic  for example= heart-rate-maximum,|9.3|body.descriptive_statistic|Observation.code.coding[1].display|concatenation of  header.schema_id.name = 'heart-rate'  + '-' + body.descriptive_statistic  for example= heart-rate-maximum|
10,body.temporal_relationship_to_physical_activity,temporal-relationship-to-physical-activity,0..1,The temporal relationship of a clinical measure or assessment to physical activity.,,Observation.component[0],Element,0..*,,A mapping between temporal-relationship-to-physical-activity and FHIR Observation Component data elements.  Multiple components mapping are appended as a list,|10|body.temporal_relationship_to_physical_activity|Observation.component[0]|A mapping between temporal-relationship-to-physical-activity and FHIR Observation Component data elements.  Multiple components mapping are appended as a list|
10.A1,body.temporal_relationship_to_physical_activity,,,,,Observation.component[0].code,CodeableConcept,1..1,,A mapping between temporal-relationship-to-physical-activity and FHIR Observation Component.code data elements.,|10.A1|body.temporal_relationship_to_physical_activity|Observation.component[0].code|A mapping between temporal-relationship-to-physical-activity and FHIR Observation Component.code data elements.|
10.A2,body.temporal_relationship_to_physical_activity,,,,,Observation.component[0].code.coding[1].code,code,1..1,'relative-to-activity',=  'relative-to-activity',|10.A2|body.temporal_relationship_to_physical_activity|Observation.component[0].code.coding[1].code|=  'relative-to-activity'|
10.A3,body.temporal_relationship_to_physical_activity,,,,,Observation.component[0].code.coding[1].system,uri,1..1,"""http://www.fhir.org/guides/mfhir/omh_fhir_observation_codes""","=  ""http://www.fhir.org/guides/mfhir/omh_fhir_observation_codes""","|10.A3|body.temporal_relationship_to_physical_activity|Observation.component[0].code.coding[1].system|=  ""http://www.fhir.org/guides/mfhir/omh_fhir_observation_codes""|"
10.A4,body.temporal_relationship_to_physical_activity,,,,,Observation.component[0].code.coding[1].display,string,1..1,'OMH to FHIR Temporal Relationship To Physical Activity',=  'OMH to FHIR Temporal Relationship To Physical Activity',|10.A4|body.temporal_relationship_to_physical_activity|Observation.component[0].code.coding[1].display|=  'OMH to FHIR Temporal Relationship To Physical Activity'|
10.B1,body.temporal_relationship_to_physical_activity,,,,,Observation.component[0].valueCodeableConcept,,1..1,,A mapping between body.temporal_relationship_to_physical_activity and FHIR Observation Component.valueCodeableConcept data elements.,|10.B1|body.temporal_relationship_to_physical_activity|Observation.component[0].valueCodeableConcept|A mapping between body.temporal_relationship_to_physical_activity and FHIR Observation Component.valueCodeableConcept data elements.|
10.B2,body.temporal_relationship_to_physical_activity,,,,,Observation.component[0].valueCodeableConcept.coding[0].code,code,1..1,OMH_FHIR_Concept_Mapping_Table,Map body.temporal_relationship_to_physical_activity to column 'FHIR Concept' using  the [OMH_FHIR_Concept_Mapping_Table](#),|10.B2|body.temporal_relationship_to_physical_activity|Observation.component[0].valueCodeableConcept.coding[0].code|Map body.temporal_relationship_to_physical_activity to column 'FHIR Concept' using  the [OMH_FHIR_Concept_Mapping_Table](#)|
10.B3,body.temporal_relationship_to_physical_activity,,,,,Observation.component[0].valueCodeableConcept.coding[0].system,uri,1..1,OMH_FHIR_Concept_Mapping_Table,Map body.temporal_relationship_to_physical_activity to column 'FHIR Concept System' using  the [OMH_FHIR_Concept_Mapping_Table](#),|10.B3|body.temporal_relationship_to_physical_activity|Observation.component[0].valueCodeableConcept.coding[0].system|Map body.temporal_relationship_to_physical_activity to column 'FHIR Concept System' using  the [OMH_FHIR_Concept_Mapping_Table](#)|
10.B4,body.temporal_relationship_to_physical_activity,,,,,Observation.component[0].valueCodeableConcept.coding[0].display,string,1..1,OMH_FHIR_Concept_Mapping_Table,Map body.temporal_relationship_to_physical_activity to column 'FHIR Concept display' using  the [OMH_FHIR_Concept_Mapping_Table](#),|10.B4|body.temporal_relationship_to_physical_activity|Observation.component[0].valueCodeableConcept.coding[0].display|Map body.temporal_relationship_to_physical_activity to column 'FHIR Concept display' using  the [OMH_FHIR_Concept_Mapping_Table](#)|
10.B5,body.temporal_relationship_to_physical_activity,,,,,Observation.component[0].valueCodeableConcept.text,string,1..1,,=  body.temporal_relationship_to_physical_activity,|10.B5|body.temporal_relationship_to_physical_activity|Observation.component[0].valueCodeableConcept.text|=  body.temporal_relationship_to_physical_activity|
11,body.temporal_relationship_to_sleep,temporal-relationship-to-sleep,0..1,The temporal relationship of a clinical measure or assessment to sleep.,,Observation.component[0],Element,0..*,OMH_FHIR_Component_Mapping_Table,A mapping table between OMH schema ('datapoint_variables') and FHIR Observation Component data elements.  Multiple components mapping are appended as a list,|11|body.temporal_relationship_to_sleep|Observation.component[0]|A mapping table between OMH schema ('datapoint_variables') and FHIR Observation Component data elements.  Multiple components mapping are appended as a list|
11.A1,body.temporal_relationship_to_sleep,,,,,Observation.component[0].code,CodeableConcept,1..1,,A mapping between temporal-relationship-to-sleep and FHIR Observation Component.code data elements.,|11.A1|body.temporal_relationship_to_sleep|Observation.component[0].code|A mapping between temporal-relationship-to-sleep and FHIR Observation Component.code data elements.|
11.A2,body.temporal_relationship_to_sleep,,,,,Observation.component[0].code.coding[1].code,code,1..1,'relative-to-sleep',=  'relative-to-sleep',|11.A2|body.temporal_relationship_to_sleep|Observation.component[0].code.coding[1].code|=  'relative-to-sleep'|
11.A3,body.temporal_relationship_to_sleep,,,,,Observation.component[0].code.coding[1].system,uri,1..1,"""http://www.fhir.org/guides/mfhir/omh_fhir_observation_codes""","=  ""http://www.fhir.org/guides/mfhir/omh_fhir_observation_codes""","|11.A3|body.temporal_relationship_to_sleep|Observation.component[0].code.coding[1].system|=  ""http://www.fhir.org/guides/mfhir/omh_fhir_observation_codes""|"
11.A4,body.temporal_relationship_to_sleep,,,,,Observation.component[0].code.coding[1].display,string,1..1,'OMH to FHIR Temporal Relationship To Sleep',=  'OMH to FHIR Temporal Relationship To Sleep',|11.A4|body.temporal_relationship_to_sleep|Observation.component[0].code.coding[1].display|=  'OMH to FHIR Temporal Relationship To Sleep'|
11.B1,body.temporal_relationship_to_sleep,,,,,Observation.component[0].valueCodeableConcept,,1..1,,A mapping between body.temporal_relationship_to_sleep and FHIR Observation Component.valueCodeableConcept data elements.,|11.B1|body.temporal_relationship_to_sleep|Observation.component[0].valueCodeableConcept|A mapping between body.temporal_relationship_to_sleep and FHIR Observation Component.valueCodeableConcept data elements.|
11.B2,body.temporal_relationship_to_sleep,,,,,Observation.component[0].valueCodeableConcept.coding[0].code,code,1..1,OMH_FHIR_Concept_Mapping_Table,Map body.temporal_relationship_to_sleep to column 'FHIR Concept' using  the [OMH_FHIR_Concept_Mapping_Table](#),|11.B2|body.temporal_relationship_to_sleep|Observation.component[0].valueCodeableConcept.coding[0].code|Map body.temporal_relationship_to_sleep to column 'FHIR Concept' using  the [OMH_FHIR_Concept_Mapping_Table](#)|
11.B3,body.temporal_relationship_to_sleep,,,,,Observation.component[0].valueCodeableConcept.coding[0].system,uri,1..1,OMH_FHIR_Concept_Mapping_Table,Map body.temporal_relationship_to_sleep to column 'FHIR Concept System' using  the [OMH_FHIR_Concept_Mapping_Table](#),|11.B3|body.temporal_relationship_to_sleep|Observation.component[0].valueCodeableConcept.coding[0].system|Map body.temporal_relationship_to_sleep to column 'FHIR Concept System' using  the [OMH_FHIR_Concept_Mapping_Table](#)|
11.B4,body.temporal_relationship_to_sleep,,,,,Observation.component[0].valueCodeableConcept.coding[0].display,string,1..1,OMH_FHIR_Concept_Mapping_Table,Map body.temporal_relationship_to_sleep to column 'FHIR Concept display' using  the [OMH_FHIR_Concept_Mapping_Table](#),|11.B4|body.temporal_relationship_to_sleep|Observation.component[0].valueCodeableConcept.coding[0].display|Map body.temporal_relationship_to_sleep to column 'FHIR Concept display' using  the [OMH_FHIR_Concept_Mapping_Table](#)|
11.B5,body.temporal_relationship_to_sleep,,,,,Observation.component[0].valueCodeableConcept.text,string,1..1,,=  body.temporal_relationship_to_sleep,|11.B5|body.temporal_relationship_to_sleep|Observation.component[0].valueCodeableConcept.text|=  body.temporal_relationship_to_sleep|
,,,,,,,,,,,
,,,,,,,,,,,
,,,,,,,,,,,
,,,,,,,,,,,
,,,,,,,,,,,
,,,,,,,,,,,
,,,,,,,,,,,
,,,,,,,,,,,
,,,,,,,,,,,
,,,,,,,,,,,
,,,,,,,,,,,
,,,,,,,,,,,
,,,,,,,,,,,
,,,,,,,,,,,
,,,,,,,,,,,
,,,,,,,,,,,
,,,,,,,,,,,
,,,,,,,,,,,
,,,,,,,,,,,
,,,,,,,,,,,
,,,,,,,,,,,
,,,,,,,,,,,
,,,,,,,,,,,
,,,,,,,,,,,
,,,,,,,,,,,
,,,,,,,,,,,
,,,,,,,,,,,
,,,,,,,,,,,
,,,,,,,,,,,
,,,,,,,,,,,
,,,,,,,,,,,
,,,,,,,,,,,
,,,,,,,,,,,
,,,,,,,,,,,
,,,,,,,,,,,
,,,,,,,,,,,
,,,,,,,,,,,
,,,,,,,,,,,
,,,,,,,,,,,
,,,,,,,,,,,
,,,,,,,,,,,
,,,,,,,,,,,
,,,,,,,,,,,
,,,,,,,,,,,
,,,,,,,,,,,
,,,,,,,,,,,
,,,,,,,,,,,
,,,,,,,,,,,
,,,,,,,,,,,
,,,,,,,,,,,
,,,,,,,,,,,
,,,,,,,,,,,
,,,,,,,,,,,
,,,,,,,,,,,
,,,,,,,,,,,
,,,,,,,,,,,
,,,,,,,,,,,
,,,,,,,,,,,
,,,,,,,,,,,
,,,,,,,,,,,
,,,,,,,,,,,
,,,,,,,,,,,
,,,,,,,,,,,
,,,,,,,,,,,
,,,,,,,,,,,
,,,,,,,,,,,
,,,,,,,,,,,
,,,,,,,,,,,
,,,,,,,,,,,
,,,,,,,,,,,
,,,,,,,,,,,
,,,,,,,,,,,
,,,,,,,,,,,
,,,,,,,,,,,
,,,,,,,,,,,
,,,,,,,,,,,
,,,,,,,,,,,
,,,,,,,,,,,
,,,,,,,,,,,
,,,,,,,,,,,
,,,,,,,,,,,
,,,,,,,,,,,
,,,,,,,,,,,
,,,,,,,,,,,
,,,,,,,,,,,
,,,,,,,,,,,
,,,,,,,,,,,
,,,,,,,,,,,
,,,,,,,,,,,
,,,,,,,,,,,
,,,,,,,,,,,
,,,,,,,,,,,
,,,,,,,,,,,
,,,,,,,,,,,
,,,,,,,,,,,
,,,,,,,,,,,
,,,,,,,,,,,
,,,,,,,,,,,
,,,,,,,,,,,
,,,,,,,,,,,
,,,,,,,,,,,
,,,,,,,,,,,
,,,,,,,,,,,
,,,,,,,,,,,
,,,,,,,,,,,
,,,,,,,,,,,
,,,,,,,,,,,
,,,,,,,,,,,
,,,,,,,,,,,
,,,,,,,,,,,
,,,,,,,,,,,
,,,,,,,,,,,
,,,,,,,,,,,
,,,,,,,,,,,
,,,,,,,,,,,
,,,,,,,,,,,
,,,,,,,,,,,
,,,,,,,,,,,
,,,,,,,,,,,
,,,,,,,,,,,
,,,,,,,,,,,
,,,,,,,,,,,
,,,,,,,,,,,
,,,,,,,,,,,
,,,,,,,,,,,
,,,,,,,,,,,
,,,,,,,,,,,
,,,,,,,,,,,
,,,,,,,,,,,
,,,,,,,,,,,
,,,,,,,,,,,
,,,,,,,,,,,
,,,,,,,,,,,
,,,,,,,,,,,
,,,,,,,,,,,
,,,,,,,,,,,
,,,,,,,,,,,
,,,,,,,,,,,
,,,,,,,,,,,
,,,,,,,,,,,
,,,,,,,,,,,
,,,,,,,,,,,
,,,,,,,,,,,
,,,,,,,,,,,
,,,,,,,,,,,
,,,,,,,,,,,
,,,,,,,,,,,
,,,,,,,,,,,
,,,,,,,,,,,
,,,,,,,,,,,
,,,,,,,,,,,
,,,,,,,,,,,
,,,,,,,,,,,
,,,,,,,,,,,
,,,,,,,,,,,
,,,,,,,,,,,
,,,,,,,,,,,
,,,,,,,,,,,
,,,,,,,,,,,
,,,,,,,,,,,
,,,,,,,,,,,
,,,,,,,,,,,
,,,,,,,,,,,
,,,,,,,,,,,
,,,,,,,,,,,
,,,,,,,,,,,
,,,,,,,,,,,
,,,,,,,,,,,
,,,,,,,,,,,
,,,,,,,,,,,
,,,,,,,,,,,
,,,,,,,,,,,
,,,,,,,,,,,
,,,,,,,,,,,
,,,,,,,,,,,
,,,,,,,,,,,
,,,,,,,,,,,
,,,,,,,,,,,
,,,,,,,,,,,
,,,,,,,,,,,
,,,,,,,,,,,
,,,,,,,,,,,
,,,,,,,,,,,
,,,,,,,,,,,
,,,,,,,,,,,
,,,,,,,,,,,
,,,,,,,,,,,
,,,,,,,,,,,
,,,,,,,,,,,
,,,,,,,,,,,
,,,,,,,,,,,
,,,,,,,,,,,
,,,,,,,,,,,
,,,,,,,,,,,
,,,,,,,,,,,
,,,,,,,,,,,
,,,,,,,,,,,
,,,,,,,,,,,
,,,,,,,,,,,
,,,,,,,,,,,
,,,,,,,,,,,
,,,,,,,,,,,
,,,,,,,,,,,
,,,,,,,,,,,
,,,,,,,,,,,
,,,,,,,,,,,
,,,,,,,,,,,
,,,,,,,,,,,
,,,,,,,,,,,
,,,,,,,,,,,
,,,,,,,,,,,
,,,,,,,,,,,
,,,,,,,,,,,
,,,,,,,,,,,
,,,,,,,,,,,
,,,,,,,,,,,
,,,,,,,,,,,
,,,,,,,,,,,
,,,,,,,,,,,
,,,,,,,,,,,
,,,,,,,,,,,
,,,,,,,,,,,
,,,,,,,,,,,
,,,,,,,,,,,
,,,,,,,,,,,
,,,,,,,,,,,
,,,,,,,,,,,
,,,,,,,,,,,
,,,,,,,,,,,
,,,,,,,,,,,
,,,,,,,,,,,
,,,,,,,,,,,
,,,,,,,,,,,
,,,,,,,,,,,
,,,,,,,,,,,
,,,,,,,,,,,
,,,,,,,,,,,
,,,,,,,,,,,
,,,,,,,,,,,
,,,,,,,,,,,
,,,,,,,,,,,
,,,,,,,,,,,
,,,,,,,,,,,
,,,,,,,,,,,
,,,,,,,,,,,
,,,,,,,,,,,
,,,,,,,,,,,
,,,,,,,,,,,
,,,,,,,,,,,
,,,,,,,,,,,
,,,,,,,,,,,
,,,,,,,,,,,
,,,,,,,,,,,
,,,,,,,,,,,
,,,,,,,,,,,
,,,,,,,,,,,
,,,,,,,,,,,
,,,,,,,,,,,
,,,,,,,,,,,
,,,,,,,,,,,
,,,,,,,,,,,
,,,,,,,,,,,
,,,,,,,,,,,
,,,,,,,,,,,
,,,,,,,,,,,
,,,,,,,,,,,
,,,,,,,,,,,
,,,,,,,,,,,
,,,,,,,,,,,
,,,,,,,,,,,
,,,,,,,,,,,
,,,,,,,,,,,
,,,,,,,,,,,
,,,,,,,,,,,
,,,,,,,,,,,
,,,,,,,,,,,
,,,,,,,,,,,
,,,,,,,,,,,
,,,,,,,,,,,
,,,,,,,,,,,
,,,,,,,,,,,
,,,,,,,,,,,
,,,,,,,,,,,
,,,,,,,,,,,
,,,,,,,,,,,
,,,,,,,,,,,
,,,,,,,,,,,
,,,,,,,,,,,
,,,,,,,,,,,
,,,,,,,,,,,
,,,,,,,,,,,
,,,,,,,,,,,
,,,,,,,,,,,
,,,,,,,,,,,
,,,,,,,,,,,
,,,,,,,,,,,
,,,,,,,,,,,
,,,,,,,,,,,
,,,,,,,,,,,
,,,,,,,,,,,
,,,,,,,,,,,
,,,,,,,,,,,
,,,,,,,,,,,
,,,,,,,,,,,
,,,,,,,,,,,
,,,,,,,,,,,
,,,,,,,,,,,
,,,,,,,,,,,
,,,,,,,,,,,
,,,,,,,,,,,
,,,,,,,,,,,
,,,,,,,,,,,
,,,,,,,,,,,
,,,,,,,,,,,
,,,,,,,,,,,
,,,,,,,,,,,
,,,,,,,,,,,
,,,,,,,,,,,
,,,,,,,,,,,
,,,,,,,,,,,
,,,,,,,,,,,
,,,,,,,,,,,
,,,,,,,,,,,
,,,,,,,,,,,
,,,,,,,,,,,
,,,,,,,,,,,
,,,,,,,,,,,
,,,,,,,,,,,
,,,,,,,,,,,
,,,,,,,,,,,
,,,,,,,,,,,
,,,,,,,,,,,
,,,,,,,,,,,
,,,,,,,,,,,
,,,,,,,,,,,
,,,,,,,,,,,
,,,,,,,,,,,
,,,,,,,,,,,
,,,,,,,,,,,
,,,,,,,,,,,
,,,,,,,,,,,
,,,,,,,,,,,
,,,,,,,,,,,
,,,,,,,,,,,
,,,,,,,,,,,
,,,,,,,,,,,
,,,,,,,,,,,
,,,,,,,,,,,
,,,,,,,,,,,
,,,,,,,,,,,
,,,,,,,,,,,
,,,,,,,,,,,
,,,,,,,,,,,
,,,,,,,,,,,
,,,,,,,,,,,
,,,,,,,,,,,
,,,,,,,,,,,
,,,,,,,,,,,
,,,,,,,,,,,
,,,,,,,,,,,
,,,,,,,,,,,
,,,,,,,,,,,
,,,,,,,,,,,
,,,,,,,,,,,
,,,,,,,,,,,
,,,,,,,,,,,
,,,,,,,,,,,
,,,,,,,,,,,
,,,,,,,,,,,
,,,,,,,,,,,
,,,,,,,,,,,
,,,,,,,,,,,
,,,,,,,,,,,
,,,,,,,,,,,
,,,,,,,,,,,
,,,,,,,,,,,
,,,,,,,,,,,
,,,,,,,,,,,
,,,,,,,,,,,
,,,,,,,,,,,
,,,,,,,,,,,
,,,,,,,,,,,
,,,,,,,,,,,
,,,,,,,,,,,
,,,,,,,,,,,
,,,,,,,,,,,
,,,,,,,,,,,
,,,,,,,,,,,
,,,,,,,,,,,
,,,,,,,,,,,
,,,,,,,,,,,
,,,,,,,,,,,
,,,,,,,,,,,
,,,,,,,,,,,
,,,,,,,,,,,
,,,,,,,,,,,
,,,,,,,,,,,
,,,,,,,,,,,
,,,,,,,,,,,
,,,,,,,,,,,
,,,,,,,,,,,
,,,,,,,,,,,
,,,,,,,,,,,
,,,,,,,,,,,
,,,,,,,,,,,
,,,,,,,,,,,
,,,,,,,,,,,
,,,,,,,,,,,
,,,,,,,,,,,
,,,,,,,,,,,
,,,,,,,,,,,
,,,,,,,,,,,
,,,,,,,,,,,
,,,,,,,,,,,
,,,,,,,,,,,
,,,,,,,,,,,
,,,,,,,,,,,
,,,,,,,,,,,
,,,,,,,,,,,
,,,,,,,,,,,
,,,,,,,,,,,
,,,,,,,,,,,
,,,,,,,,,,,
,,,,,,,,,,,
,,,,,,,,,,,
,,,,,,,,,,,
,,,,,,,,,,,
,,,,,,,,,,,
,,,,,,,,,,,
,,,,,,,,,,,
,,,,,,,,,,,
,,,,,,,,,,,
,,,,,,,,,,,
,,,,,,,,,,,
,,,,,,,,,,,
,,,,,,,,,,,
,,,,,,,,,,,
,,,,,,,,,,,
,,,,,,,,,,,
,,,,,,,,,,,
,,,,,,,,,,,
,,,,,,,,,,,
,,,,,,,,,,,
,,,,,,,,,,,
,,,,,,,,,,,
,,,,,,,,,,,
,,,,,,,,,,,
,,,,,,,,,,,
,,,,,,,,,,,
,,,,,,,,,,,
,,,,,,,,,,,
,,,,,,,,,,,
,,,,,,,,,,,
,,,,,,,,,,,
,,,,,,,,,,,
,,,,,,,,,,,
,,,,,,,,,,,
,,,,,,,,,,,
,,,,,,,,,,,
,,,,,,,,,,,
,,,,,,,,,,,
,,,,,,,,,,,
,,,,,,,,,,,
,,,,,,,,,,,
,,,,,,,,,,,
,,,,,,,,,,,
,,,,,,,,,,,
,,,,,,,,,,,
,,,,,,,,,,,
,,,,,,,,,,,
,,,,,,,,,,,
,,,,,,,,,,,
,,,,,,,,,,,
,,,,,,,,,,,
,,,,,,,,,,,
,,,,,,,,,,,
,,,,,,,,,,,
,,,,,,,,,,,
,,,,,,,,,,,
,,,,,,,,,,,
,,,,,,,,,,,
,,,,,,,,,,,
,,,,,,,,,,,
,,,,,,,,,,,
,,,,,,,,,,,
,,,,,,,,,,,
,,,,,,,,,,,
,,,,,,,,,,,
,,,,,,,,,,,
,,,,,,,,,,,
,,,,,,,,,,,
,,,,,,,,,,,
,,,,,,,,,,,
,,,,,,,,,,,
,,,,,,,,,,,
,,,,,,,,,,,
,,,,,,,,,,,
,,,,,,,,,,,
,,,,,,,,,,,
,,,,,,,,,,,
,,,,,,,,,,,
,,,,,,,,,,,
,,,,,,,,,,,
,,,,,,,,,,,
,,,,,,,,,,,
,,,,,,,,,,,
,,,,,,,,,,,
,,,,,,,,,,,
,,,,,,,,,,,
,,,,,,,,,,,
,,,,,,,,,,,
,,,,,,,,,,,
,,,,,,,,,,,
,,,,,,,,,,,
,,,,,,,,,,,
,,,,,,,,,,,
,,,,,,,,,,,
,,,,,,,,,,,
,,,,,,,,,,,
,,,,,,,,,,,
,,,,,,,,,,,
,,,,,,,,,,,
,,,,,,,,,,,
,,,,,,,,,,,
,,,,,,,,,,,
,,,,,,,,,,,
,,,,,,,,,,,
,,,,,,,,,,,
,,,,,,,,,,,
,,,,,,,,,,,
,,,,,,,,,,,
,,,,,,,,,,,
,,,,,,,,,,,
,,,,,,,,,,,
,,,,,,,,,,,
,,,,,,,,,,,
,,,,,,,,,,,
,,,,,,,,,,,
,,,,,,,,,,,
,,,,,,,,,,,
,,,,,,,,,,,
,,,,,,,,,,,
,,,,,,,,,,,
,,,,,,,,,,,
,,,,,,,,,,,
,,,,,,,,,,,
,,,,,,,,,,,
,,,,,,,,,,,
,,,,,,,,,,,
,,,,,,,,,,,
,,,,,,,,,,,
,,,,,,,,,,,
,,,,,,,,,,,
,,,,,,,,,,,
,,,,,,,,,,,
,,,,,,,,,,,
,,,,,,,,,,,
,,,,,,,,,,,
,,,,,,,,,,,
,,,,,,,,,,,
,,,,,,,,,,,
,,,,,,,,,,,
,,,,,,,,,,,
,,,,,,,,,,,
,,,,,,,,,,,
,,,,,,,,,,,
,,,,,,,,,,,
,,,,,,,,,,,
,,,,,,,,,,,
,,,,,,,,,,,
,,,,,,,,,,,
,,,,,,,,,,,
,,,,,,,,,,,
,,,,,,,,,,,
,,,,,,,,,,,
,,,,,,,,,,,
,,,,,,,,,,,
,,,,,,,,,,,
,,,,,,,,,,,
,,,,,,,,,,,
,,,,,,,,,,,
,,,,,,,,,,,
,,,,,,,,,,,
,,,,,,,,,,,
,,,,,,,,,,,
,,,,,,,,,,,
,,,,,,,,,,,
,,,,,,,,,,,
,,,,,,,,,,,
,,,,,,,,,,,
,,,,,,,,,,,
,,,,,,,,,,,
,,,,,,,,,,,
,,,,,,,,,,,
,,,,,,,,,,,
,,,,,,,,,,,
,,,,,,,,,,,
,,,,,,,,,,,
,,,,,,,,,,,
,,,,,,,,,,,
,,,,,,,,,,,
,,,,,,,,,,,
,,,,,,,,,,,
,,,,,,,,,,,
,,,,,,,,,,,
,,,,,,,,,,,
,,,,,,,,,,,
,,,,,,,,,,,
,,,,,,,,,,,
,,,,,,,,,,,
,,,,,,,,,,,
,,,,,,,,,,,
,,,,,,,,,,,
,,,,,,,,,,,
,,,,,,,,,,,
,,,,,,,,,,,
,,,,,,,,,,,
,,,,,,,,,,,
,,,,,,,,,,,
,,,,,,,,,,,
,,,,,,,,,,,
,,,,,,,,,,,
,,,,,,,,,,,
,,,,,,,,,,,
,,,,,,,,,,,
,,,,,,,,,,,
,,,,,,,,,,,
,,,,,,,,,,,
,,,,,,,,,,,
,,,,,,,,,,,
,,,,,,,,,,,
,,,,,,,,,,,
,,,,,,,,,,,
,,,,,,,,,,,
,,,,,,,,,,,
,,,,,,,,,,,
,,,,,,,,,,,
,,,,,,,,,,,
,,,,,,,,,,,
,,,,,,,,,,,
,,,,,,,,,,,
,,,,,,,,,,,
,,,,,,,,,,,
,,,,,,,,,,,
,,,,,,,,,,,
,,,,,,,,,,,
,,,,,,,,,,,
,,,,,,,,,,,
,,,,,,,,,,,
,,,,,,,,,,,
,,,,,,,,,,,
,,,,,,,,,,,
,,,,,,,,,,,
,,,,,,,,,,,
,,,,,,,,,,,
,,,,,,,,,,,
,,,,,,,,,,,
,,,,,,,,,,,
,,,,,,,,,,,
,,,,,,,,,,,
,,,,,,,,,,,
,,,,,,,,,,,
,,,,,,,,,,,
,,,,,,,,,,,
,,,,,,,,,,,
,,,,,,,,,,,
,,,,,,,,,,,
,,,,,,,,,,,
,,,,,,,,,,,
,,,,,,,,,,,
,,,,,,,,,,,
,,,,,,,,,,,
,,,,,,,,,,,
,,,,,,,,,,,
,,,,,,,,,,,
,,,,,,,,,,,
,,,,,,,,,,,
,,,,,,,,,,,
,,,,,,,,,,,
,,,,,,,,,,,
,,,,,,,,,,,
,,,,,,,,,,,
,,,,,,,,,,,
,,,,,,,,,,,
,,,,,,,,,,,
,,,,,,,,,,,
,,,,,,,,,,,
,,,,,,,,,,,
,,,,,,,,,,,
,,,,,,,,,,,
,,,,,,,,,,,
,,,,,,,,,,,
,,,,,,,,,,,
,,,,,,,,,,,
,,,,,,,,,,,
,,,,,,,,,,,
,,,,,,,,,,,
,,,,,,,,,,,
,,,,,,,,,,,
,,,,,,,,,,,
,,,,,,,,,,,
,,,,,,,,,,,
,,,,,,,,,,,
,,,,,,,,,,,
,,,,,,,,,,,
,,,,,,,,,,,
,,,,,,,,,,,
,,,,,,,,,,,
,,,,,,,,,,,
,,,,,,,,,,,
,,,,,,,,,,,
,,,,,,,,,,,
,,,,,,,,,,,
,,,,,,,,,,,
,,,,,,,,,,,
,,,,,,,,,,,
,,,,,,,,,,,
,,,,,,,,,,,
,,,,,,,,,,,
,,,,,,,,,,,
,,,,,,,,,,,
,,,,,,,,,,,
,,,,,,,,,,,
,,,,,,,,,,,
,,,,,,,,,,,
,,,,,,,,,,,
,,,,,,,,,,,
,,,,,,,,,,,
,,,,,,,,,,,
,,,,,,,,,,,
,,,,,,,,,,,
,,,,,,,,,,,
,,,,,,,,,,,
,,,,,,,,,,,
,,,,,,,,,,,
,,,,,,,,,,,
,,,,,,,,,,,
,,,,,,,,,,,
,,,,,,,,,,,
,,,,,,,,,,,
,,,,,,,,,,,
,,,,,,,,,,,
,,,,,,,,,,,
,,,,,,,,,,,
,,,,,,,,,,,
,,,,,,,,,,,
,,,,,,,,,,,
,,,,,,,,,,,
,,,,,,,,,,,
,,,,,,,,,,,
,,,,,,,,,,,
,,,,,,,,,,,
,,,,,,,,,,,
,,,,,,,,,,,
,,,,,,,,,,,
,,,,,,,,,,,
,,,,,,,,,,,
,,,,,,,,,,,
,,,,,,,,,,,
,,,,,,,,,,,
,,,,,,,,,,,
,,,,,,,,,,,
,,,,,,,,,,,
,,,,,,,,,,,
,,,,,,,,,,,
,,,,,,,,,,,
,,,,,,,,,,,
,,,,,,,,,,,
,,,,,,,,,,,
,,,,,,,,,,,
,,,,,,,,,,,
,,,,,,,,,,,
,,,,,,,,,,,
,,,,,,,,,,,
,,,,,,,,,,,
,,,,,,,,,,,
,,,,,,,,,,,
,,,,,,,,,,,
,,,,,,,,,,,
,,,,,,,,,,,
,,,,,,,,,,,
,,,,,,,,,,,
,,,,,,,,,,,
,,,,,,,,,,,
,,,,,,,,,,,
,,,,,,,,,,,
,,,,,,,,,,,
,,,,,,,,,,,
,,,,,,,,,,,
,,,,,,,,,,,
,,,,,,,,,,,
,,,,,,,,,,,
,,,,,,,,,,,
,,,,,,,,,,,
,,,,,,,,,,,
,,,,,,,,,,,
,,,,,,,,,,,
,,,,,,,,,,,
,,,,,,,,,,,
,,,,,,,,,,,
,,,,,,,,,,,
,,,,,,,,,,,
,,,,,,,,,,,
,,,,,,,,,,,
,,,,,,,,,,,
,,,,,,,,,,,
,,,,,,,,,,,
,,,,,,,,,,,
,,,,,,,,,,,
,,,,,,,,,,,
,,,,,,,,,,,
,,,,,,,,,,,
,,,,,,,,,,,
,,,,,,,,,,,
,,,,,,,,,,,
,,,,,,,,,,,
,,,,,,,,,,,
,,,,,,,,,,,
,,,,,,,,,,,
,,,,,,,,,,,
,,,,,,,,,,,
,,,,,,,,,,,
,,,,,,,,,,,
,,,,,,,,,,,
,,,,,,,,,,,
,,,,,,,,,,,
,,,,,,,,,,,
,,,,,,,,,,,
,,,,,,,,,,,
,,,,,,,,,,,
,,,,,,,,,,,
,,,,,,,,,,,
,,,,,,,,,,,
,,,,,,,,,,,
,,,,,,,,,,,
,,,,,,,,,,,
,,,,,,,,,,,
,,,,,,,,,,,
,,,,,,,,,,,
,,,,,,,,,,,
,,,,,,,,,,,
,,,,,,,,,,,
,,,,,,,,,,,
,,,,,,,,,,,
,,,,,,,,,,,
,,,,,,,,,,,
,,,,,,,,,,,
,,,,,,,,,,,
,,,,,,,,,,,
,,,,,,,,,,,
,,,,,,,,,,,
,,,,,,,,,,,
,,,,,,,,,,,
,,,,,,,,,,,
,,,,,,,,,,,
,,,,,,,,,,,
,,,,,,,,,,,
,,,,,,,,,,,
,,,,,,,,,,,
,,,,,,,,,,,
,,,,,,,,,,,
,,,,,,,,,,,
,,,,,,,,,,,
,,,,,,,,,,,
,,,,,,,,,,,
,,,,,,,,,,,
,,,,,,,,,,,
,,,,,,,,,,,
,,,,,,,,,,,
,,,,,,,,,,,
,,,,,,,,,,,
,,,,,,,,,,,
,,,,,,,,,,,
,,,,,,,,,,,
,,,,,,,,,,,
,,,,,,,,,,,
,,,,,,,,,,,
,,,,,,,,,,,
,,,,,,,,,,,
,,,,,,,,,,,
,,,,,,,,,,,
,,,,,,,,,,,
,,,,,,,,,,,
,,,,,,,,,,,
,,,,,,,,,,,
,,,,,,,,,,,
,,,,,,,,,,,
,,,,,,,,,,,
,,,,,,,,,,,
,,,,,,,,,,,
,,,,,,,,,,,
,,,,,,,,,,,
,,,,,,,,,,,
,,,,,,,,,,,
,,,,,,,,,,,
,,,,,,,,,,,
,,,,,,,,,,,
,,,,,,,,,,,
,,,,,,,,,,,
,,,,,,,,,,,
,,,,,,,,,,,
,,,,,,,,,,,
,,,,,,,,,,,
,,,,,,,,,,,
,,,,,,,,,,,
,,,,,,,,,,,
,,,,,,,,,,,
,,,,,,,,,,,
,,,,,,,,,,,
,,,,,,,,,,,
,,,,,,,,,,,
,,,,,,,,,,,
,,,,,,,,,,,
,,,,,,,,,,,
,,,,,,,,,,,
,,,,,,,,,,,
,,,,,,,,,,,
,,,,,,,,,,,
,,,,,,,,,,,
,,,,,,,,,,,
,,,,,,,,,,,
,,,,,,,,,,,
,,,,,,,,,,,
,,,,,,,,,,,
,,,,,,,,,,,
,,,,,,,,,,,
,,,,,,,,,,,
,,,,,,,,,,,
,,,,,,,,,,,
,,,,,,,,,,,
,,,,,,,,,,,
,,,,,,,,,,,
,,,,,,,,,,,
,,,,,,,,,,,
,,,,,,,,,,,
,,,,,,,,,,,
,,,,,,,,,,,
,,,,,,,,,,,
,,,,,,,,,,,
,,,,,,,,,,,
,,,,,,,,,,,
,,,,,,,,,,,
,,,,,,,,,,,
,,,,,,,,,,,
,,,,,,,,,,,
,,,,,,,,,,,
,,,,,,,,,,,
,,,,,,,,,,,
,,,,,,,,,,,
,,,,,,,,,,,
,,,,,,,,,,,
,,,,,,,,,,,
,,,,,,,,,,,
,,,,,,,,,,,
,,,,,,,,,,,
,,,,,,,,,,,
